<application>
  <component name="TipsStore">
    <entry projectPath="$USER_HOME$/AppData/Local/JetBrains/IdeaIC2021.3/demo/IdeaLearningProject" startUpFlag="FIRST" />
    <entry projectPath="$USER_HOME$/Desktop/洋洋/YangLeGeYang_web-main" startUpFlag="FIRST" />
    <entry projectPath="$USER_HOME$/Documents/JavaCode/Javatest" startUpFlag="FIRST" />
    <entry projectPath="$USER_HOME$/Documents/JavaCode/easyquant" startUpFlag="FIRST" />
    <entry projectPath="$USER_HOME$/Documents/JavaCode/javafirst" startUpFlag="FIRST" />
    <entry projectPath="$USER_HOME$/Documents/JavaCode/jsd202208" startUpFlag="FIRST" />
    <entry projectPath="$USER_HOME$/Documents/javaCode/jsd2208-se-teacher" startUpFlag="FIRST" />
    <entry projectPath="$USER_HOME$/Documents/pythonCode" startUpFlag="FIRST" />
    <entry projectPath="$USER_HOME$/Documents/pythonCode/11-10-" startUpFlag="FIRST" />
    <entry projectPath="$USER_HOME$/Documents/pythonCode/ApiFramework-master" startUpFlag="FIRST" />
    <entry projectPath="$USER_HOME$/Documents/pythonCode/ApiTestStudy" startUpFlag="FIRST" />
    <entry projectPath="$USER_HOME$/Documents/pythonCode/BaiLing聆析项目" startUpFlag="FIRST" />
    <entry projectPath="$USER_HOME$/Documents/pythonCode/CaiKeMoHe" startUpFlag="FIRST" />
    <entry projectPath="$USER_HOME$/Documents/pythonCode/CloudShop接口自动化" startUpFlag="FIRST" />
    <entry projectPath="$USER_HOME$/Documents/pythonCode/Cloudshiop_UI自动化" startUpFlag="FIRST" />
    <entry projectPath="$USER_HOME$/Documents/pythonCode/Study" startUpFlag="FIRST" />
    <entry projectPath="$USER_HOME$/Documents/pythonCode/SwaaggerApi" startUpFlag="FIRST" />
    <entry projectPath="$USER_HOME$/Documents/pythonCode/SwaggerApi" startUpFlag="FIRST" />
    <entry projectPath="$USER_HOME$/Documents/pythonCode/Tkinter_cctest" startUpFlag="FIRST" />
    <entry projectPath="$USER_HOME$/Documents/pythonCode/cctest" startUpFlag="FIRST" />
    <entry projectPath="$USER_HOME$/Documents/pythonCode/easyquant" startUpFlag="FIRST" />
    <entry projectPath="$USER_HOME$/Documents/pythonCode/first" startUpFlag="FIRST" />
    <entry projectPath="$USER_HOME$/Documents/pythonCode/lottoery" startUpFlag="FIRST" />
    <entry projectPath="$USER_HOME$/Documents/pythonCode/lures2020-demos" startUpFlag="FIRST" />
    <entry projectPath="$USER_HOME$/Documents/pythonCode/lvyue" startUpFlag="FIRST" />
    <entry projectPath="$USER_HOME$/Documents/pythonCode/predict_Lottery_ticket" startUpFlag="FIRST" />
    <entry projectPath="$USER_HOME$/Documents/pythonCode/ssq" startUpFlag="FIRST" />
    <entry projectPath="$USER_HOME$/Documents/pythonCode/ssq-tf2" startUpFlag="FIRST" />
    <entry projectPath="$USER_HOME$/Documents/pythonCode/submarine" startUpFlag="FIRST" />
    <entry projectPath="$USER_HOME$/Documents/pythonCode/tushare" startUpFlag="FIRST" />
    <entry projectPath="D:/code" startUpFlag="FIRST" />
    <entry projectPath="D:/frist" startUpFlag="FIRST" />
    <entry projectPath="E:/迅雷下载/time-master" startUpFlag="FIRST" />
    <entry projectPath="E:/迅雷下载/typecho" startUpFlag="FIRST" />
    <entry projectPath="E:/迅雷下载/适合个人网站备案的HTML模板" startUpFlag="FIRST" />
  </component>
</application>