<application>
  <component name="CodeInsightSettings">
    <option name="USE_INSTANCEOF_ON_EQUALS_PARAMETER" value="true" />
    <option name="USE_ACCESSORS_IN_EQUALS_HASHCODE" value="true" />
    <option name="ADD_UNAMBIGIOUS_IMPORTS_ON_THE_FLY" value="true" />
  </component>
  <component name="DefaultFont">
    <option name="FONT_SIZE" value="17" />
    <option name="FONT_REGULAR_SUB_FAMILY" value="Regular" />
    <option name="FONT_BOLD_SUB_FAMILY" value="Bold" />
  </component>
  <component name="EditorSettings">
    <option name="USE_SOFT_WRAPS" value="PREVIEW" />
    <option name="IS_DND_ENABLED" value="false" />
  </component>
</application>