<application>
  <component name="AppStorage">
    <option name="newTranslationDialogHeight" value="300" />
    <option name="newTranslationDialogWidth" value="1363" />
    <option name="newTranslationDialogX" value="23" />
    <option name="newTranslationDialogY" value="398" />
    <histories>
      <item value="鱼雷" />
      <item value="鱼lei" />
      <item value="鱼" />
      <item value="鱼类" />
      <item value="y" />
      <item value="水雷" />
      <item value="submarine" />
      <item value="sub" />
      <item value="RuntimeError: dictionary changed size during iteration&#10;" />
      <item value="副" />
      <item value="副手" />
      <item value="fi" />
      <item value="fu'zhi" />
      <item value="fu" />
      <item value="主" />
      <item value="分割" />
      <item value="fen'ge" />
      <item value="feng'ge" />
      <item value="筛选" />
      <item value="字典" />
      <item value="多层" />
      <item value="多层过滤" />
      <item value="duo'ceng" />
      <item value="z" />
      <item value="号ma" />
      <item value="号" />
      <item value="序" />
      <item value="序号" />
      <item value="Reply-To Address" />
      <item value="Enable watching for jobs" />
      <item value="Require Administrator for Template Testing" />
      <item value="Enables debug mode for the Extended E-mail plugin. This will add additional log output to the build log. This can be useful for debugging purposes, but should not be used in full production mode." />
      <item value="Default Recipients" />
      <item value="directorId" />
      <item value="目录" />
      <item value="mu" />
      <item value="木偶=" />
      <item value="dirctorId" />
      <item value="tuple" />
      <item value="director" />
      <item value="direc" />
      <item value="di're" />
      <item value="dictte" />
      <item value="di'c't" />
      <item value="diertor" />
      <item value="dier" />
      <item value="di'c" />
      <item value="contents" />
      <item value="ValueError: not enough values to unpack (expected 2, got 1)&#10;" />
      <item value="TypeError: 'generator' object does not support item assignment&#10;" />
    </histories>
    <option name="languageScores">
      <map>
        <entry key="CHINESE" value="1252" />
        <entry key="ENGLISH" value="1061" />
      </map>
    </option>
  </component>
  <component name="Cache">
    <option name="lastTrimTime" value="1663425210695" />
  </component>
</application>